,IMPLAN_crop,Arizona,California,Colorado,Idaho,Montana,Nevada,New_Mexico,Oregon,Utah,Washington,Wyoming
1,grain,0.730718782,0.962196679,0.825220724,0.999765573,0.978578226,0.908591623,0.684072994,0.996982973,0.961330208,0.999949517,0.975119277
2,not_included,0,0,0,0,0,0,0,0,0,0,0
3,oilseed,1,0.99885229,0.81005012,0.999976655,1.000000003,1,0.503388804,0.972740434,0.985316863,1.000000003,0.98633882
4,vegfruit,0.671575404,0.885077421,0.912839519,0.998404055,0.997245873,0.782825516,0.666465246,0.987006446,0.896327131,0.999649764,0.987331456
5,cotton,0.657818625,0.912046198,1,1,1,1,0.851223845,1,1,1,1
6,sugar,1,0.585242993,0.917577604,0.996984249,0.997014517,1,1,0.965483257,0.98623169,0.999360627,0.987946924
7,other,0.66067625,0.881596951,0.899487071,0.991714821,0.980812075,0.787939455,0.719895567,0.959245127,0.858191698,0.999598433,0.956667637